{
    "packages": [
        {
            "name": "async-aws/core",
            "version": "1.18.0",
            "version_normalized": "1.18.0.0",
            "source": {
                "type": "git",
                "url": "https://github.com/async-aws/core.git",
                "reference": "43dbecd0fa9f515a7057e8d5d79c8d7e559769bb"
            },
            "dist": {
                "type": "zip",
                "url": "https://api.github.com/repos/async-aws/core/zipball/43dbecd0fa9f515a7057e8d5d79c8d7e559769bb",
                "reference": "43dbecd0fa9f515a7057e8d5d79c8d7e559769bb",
                "shasum": ""
            },
            "require": {
                "ext-hash": "*",
                "ext-json": "*",
                "ext-simplexml": "*",
                "php": "^7.2.5 || ^8.0",
                "psr/cache": "^1.0 || ^2.0 || ^3.0",
                "psr/log": "^1.0 || ^2.0 || ^3.0",
                "symfony/deprecation-contracts": "^2.1 || ^3.0",
                "symfony/http-client": "^4.4.16 || ^5.1.7,!=5.2.0 || ^6.0",
                "symfony/http-client-contracts": "^1.1.8 || ^2.0 || ^3.0",
                "symfony/service-contracts": "^1.0 || ^2.0 || ^3.0"
            },
            "conflict": {
                "async-aws/s3": "<1.1"
            },
            "time": "2022-11-30T08:14:25+00:00",
            "type": "library",
            "extra": {
                "branch-alias": {
                    "dev-master": "1.18-dev"
                }
            },
            "installation-source": "dist",
            "autoload": {
                "psr-4": {
                    "AsyncAws\\Core\\": "src"
                }
            },
            "notification-url": "https://packagist.org/downloads/",
            "license": [
                "MIT"
            ],
            "description": "Core package to integrate with AWS. This is a lightweight AWS SDK provider by AsyncAws.",
            "keywords": [
                "amazon",
                "async-aws",
                "aws",
                "sdk",
                "sts"
            ],
            "support": {
                "source": "https://github.com/async-aws/core/tree/1.18.0"
            },
            "funding": [
                {
                    "url": "https://github.com/jderusse",
                    "type": "github"
                },
                {
                    "url": "https://github.com/nyholm",
                    "type": "github"
                }
            ],
            "install-path": "../async-aws/core"
        },
        {
            "name": "async-aws/ses",
            "version": "1.5.0",
            "version_normalized": "1.5.0.0",
            "source": {
                "type": "git",
                "url": "https://github.com/async-aws/ses.git",
                "reference": "28f5916f662a0fa69852044b16c7344993c32c04"
            },
            "dist": {
                "type": "zip",
                "url": "https://api.github.com/repos/async-aws/ses/zipball/28f5916f662a0fa69852044b16c7344993c32c04",
                "reference": "28f5916f662a0fa69852044b16c7344993c32c04",
                "shasum": ""
            },
            "require": {
                "async-aws/core": "^1.9",
                "ext-json": "*",
                "php": "^7.2.5 || ^8.0"
            },
            "time": "2022-09-06T12:28:05+00:00",
            "type": "library",
            "extra": {
                "branch-alias": {
                    "dev-master": "1.5-dev"
                }
            },
            "installation-source": "dist",
            "autoload": {
                "psr-4": {
                    "AsyncAws\\Ses\\": "src"
                }
            },
            "notification-url": "https://packagist.org/downloads/",
            "license": [
                "MIT"
            ],
            "description": "SES client, part of the AWS SDK provided by AsyncAws.",
            "keywords": [
                "amazon",
                "async-aws",
                "aws",
                "sdk",
                "ses"
            ],
            "support": {
                "source": "https://github.com/async-aws/ses/tree/1.5.0"
            },
            "funding": [
                {
                    "url": "https://github.com/jderusse",
                    "type": "github"
                },
                {
                    "url": "https://github.com/nyholm",
                    "type": "github"
                }
            ],
            "install-path": "../async-aws/ses"
        },
        {
            "name": "doctrine/deprecations",
            "version": "v1.0.0",
            "version_normalized": "1.0.0.0",
            "source": {
                "type": "git",
                "url": "https://github.com/doctrine/deprecations.git",
                "reference": "0e2a4f1f8cdfc7a92ec3b01c9334898c806b30de"
            },
            "dist": {
                "type": "zip",
                "url": "https://api.github.com/repos/doctrine/deprecations/zipball/0e2a4f1f8cdfc7a92ec3b01c9334898c806b30de",
                "reference": "0e2a4f1f8cdfc7a92ec3b01c9334898c806b30de",
                "shasum": ""
            },
            "require": {
                "php": "^7.1|^8.0"
            },
            "require-dev": {
                "doctrine/coding-standard": "^9",
                "phpunit/phpunit": "^7.5|^8.5|^9.5",
                "psr/log": "^1|^2|^3"
            },
            "suggest": {
                "psr/log": "Allows logging deprecations via PSR-3 logger implementation"
            },
            "time": "2022-05-02T15:47:09+00:00",
            "type": "library",
            "installation-source": "dist",
            "autoload": {
                "psr-4": {
                    "Doctrine\\Deprecations\\": "lib/Doctrine/Deprecations"
                }
            },
            "notification-url": "https://packagist.org/downloads/",
            "license": [
                "MIT"
            ],
            "description": "A small layer on top of trigger_error(E_USER_DEPRECATED) or PSR-3 logging with options to disable all deprecations or selectively for packages.",
            "homepage": "https://www.doctrine-project.org/",
            "support": {
                "issues": "https://github.com/doctrine/deprecations/issues",
                "source": "https://github.com/doctrine/deprecations/tree/v1.0.0"
            },
            "install-path": "../doctrine/deprecations"
        },
        {
            "name": "doctrine/lexer",
            "version": "2.1.0",
            "version_normalized": "2.1.0.0",
            "source": {
                "type": "git",
                "url": "https://github.com/doctrine/lexer.git",
                "reference": "39ab8fcf5a51ce4b85ca97c7a7d033eb12831124"
            },
            "dist": {
                "type": "zip",
                "url": "https://api.github.com/repos/doctrine/lexer/zipball/39ab8fcf5a51ce4b85ca97c7a7d033eb12831124",
                "reference": "39ab8fcf5a51ce4b85ca97c7a7d033eb12831124",
                "shasum": ""
            },
            "require": {
                "doctrine/deprecations": "^1.0",
                "php": "^7.1 || ^8.0"
            },
            "require-dev": {
                "doctrine/coding-standard": "^9 || ^10",
                "phpstan/phpstan": "^1.3",
                "phpunit/phpunit": "^7.5 || ^8.5 || ^9.5",
                "psalm/plugin-phpunit": "^0.18.3",
                "vimeo/psalm": "^4.11 || ^5.0"
            },
            "time": "2022-12-14T08:49:07+00:00",
            "type": "library",
            "installation-source": "dist",
            "autoload": {
                "psr-4": {
                    "Doctrine\\Common\\Lexer\\": "src"
                }
            },
            "notification-url": "https://packagist.org/downloads/",
            "license": [
                "MIT"
            ],
            "authors": [
                {
                    "name": "Guilherme Blanco",
                    "email": "guilhermeblanco@gmail.com"
                },
                {
                    "name": "Roman Borschel",
                    "email": "roman@code-factory.org"
                },
                {
                    "name": "Johannes Schmitt",
                    "email": "schmittjoh@gmail.com"
                }
            ],
            "description": "PHP Doctrine Lexer parser library that can be used in Top-Down, Recursive Descent Parsers.",
            "homepage": "https://www.doctrine-project.org/projects/lexer.html",
            "keywords": [
                "annotations",
                "docblock",
                "lexer",
                "parser",
                "php"
            ],
            "support": {
                "issues": "https://github.com/doctrine/lexer/issues",
                "source": "https://github.com/doctrine/lexer/tree/2.1.0"
            },
            "funding": [
                {
                    "url": "https://www.doctrine-project.org/sponsorship.html",
                    "type": "custom"
                },
                {
                    "url": "https://www.patreon.com/phpdoctrine",
                    "type": "patreon"
                },
                {
                    "url": "https://tidelift.com/funding/github/packagist/doctrine%2Flexer",
                    "type": "tidelift"
                }
            ],
            "install-path": "../doctrine/lexer"
        },
        {
            "name": "egulias/email-validator",
            "version": "3.2.5",
            "version_normalized": "3.2.5.0",
            "source": {
                "type": "git",
                "url": "https://github.com/egulias/EmailValidator.git",
                "reference": "b531a2311709443320c786feb4519cfaf94af796"
            },
            "dist": {
                "type": "zip",
                "url": "https://api.github.com/repos/egulias/EmailValidator/zipball/b531a2311709443320c786feb4519cfaf94af796",
                "reference": "b531a2311709443320c786feb4519cfaf94af796",
                "shasum": ""
            },
            "require": {
                "doctrine/lexer": "^1.2|^2",
                "php": ">=7.2",
                "symfony/polyfill-intl-idn": "^1.15"
            },
            "require-dev": {
                "phpunit/phpunit": "^8.5.8|^9.3.3",
                "vimeo/psalm": "^4"
            },
            "suggest": {
                "ext-intl": "PHP Internationalization Libraries are required to use the SpoofChecking validation"
            },
            "time": "2023-01-02T17:26:14+00:00",
            "type": "library",
            "extra": {
                "branch-alias": {
                    "dev-master": "3.0.x-dev"
                }
            },
            "installation-source": "dist",
            "autoload": {
                "psr-4": {
                    "Egulias\\EmailValidator\\": "src"
                }
            },
            "notification-url": "https://packagist.org/downloads/",
            "license": [
                "MIT"
            ],
            "authors": [
                {
                    "name": "Eduardo Gulias Davis"
                }
            ],
            "description": "A library for validating emails against several RFCs",
            "homepage": "https://github.com/egulias/EmailValidator",
            "keywords": [
                "email",
                "emailvalidation",
                "emailvalidator",
                "validation",
                "validator"
            ],
            "support": {
                "issues": "https://github.com/egulias/EmailValidator/issues",
                "source": "https://github.com/egulias/EmailValidator/tree/3.2.5"
            },
            "funding": [
                {
                    "url": "https://github.com/egulias",
                    "type": "github"
                }
            ],
            "install-path": "../egulias/email-validator"
        },
        {
            "name": "psr/cache",
            "version": "3.0.0",
            "version_normalized": "3.0.0.0",
            "source": {
                "type": "git",
                "url": "https://github.com/php-fig/cache.git",
                "reference": "aa5030cfa5405eccfdcb1083ce040c2cb8d253bf"
            },
            "dist": {
                "type": "zip",
                "url": "https://api.github.com/repos/php-fig/cache/zipball/aa5030cfa5405eccfdcb1083ce040c2cb8d253bf",
                "reference": "aa5030cfa5405eccfdcb1083ce040c2cb8d253bf",
                "shasum": ""
            },
            "require": {
                "php": ">=8.0.0"
            },
            "time": "2021-02-03T23:26:27+00:00",
            "type": "library",
            "extra": {
                "branch-alias": {
                    "dev-master": "1.0.x-dev"
                }
            },
            "installation-source": "dist",
            "autoload": {
                "psr-4": {
                    "Psr\\Cache\\": "src/"
                }
            },
            "notification-url": "https://packagist.org/downloads/",
            "license": [
                "MIT"
            ],
            "authors": [
                {
                    "name": "PHP-FIG",
                    "homepage": "https://www.php-fig.org/"
                }
            ],
            "description": "Common interface for caching libraries",
            "keywords": [
                "cache",
                "psr",
                "psr-6"
            ],
            "support": {
                "source": "https://github.com/php-fig/cache/tree/3.0.0"
            },
            "install-path": "../psr/cache"
        },
        {
            "name": "psr/container",
            "version": "2.0.2",
            "version_normalized": "2.0.2.0",
            "source": {
                "type": "git",
                "url": "https://github.com/php-fig/container.git",
                "reference": "c71ecc56dfe541dbd90c5360474fbc405f8d5963"
            },
            "dist": {
                "type": "zip",
                "url": "https://api.github.com/repos/php-fig/container/zipball/c71ecc56dfe541dbd90c5360474fbc405f8d5963",
                "reference": "c71ecc56dfe541dbd90c5360474fbc405f8d5963",
                "shasum": ""
            },
            "require": {
                "php": ">=7.4.0"
            },
            "time": "2021-11-05T16:47:00+00:00",
            "type": "library",
            "extra": {
                "branch-alias": {
                    "dev-master": "2.0.x-dev"
                }
            },
            "installation-source": "dist",
            "autoload": {
                "psr-4": {
                    "Psr\\Container\\": "src/"
                }
            },
            "notification-url": "https://packagist.org/downloads/",
            "license": [
                "MIT"
            ],
            "authors": [
                {
                    "name": "PHP-FIG",
                    "homepage": "https://www.php-fig.org/"
                }
            ],
            "description": "Common Container Interface (PHP FIG PSR-11)",
            "homepage": "https://github.com/php-fig/container",
            "keywords": [
                "PSR-11",
                "container",
                "container-interface",
                "container-interop",
                "psr"
            ],
            "support": {
                "issues": "https://github.com/php-fig/container/issues",
                "source": "https://github.com/php-fig/container/tree/2.0.2"
            },
            "install-path": "../psr/container"
        },
        {
            "name": "psr/event-dispatcher",
            "version": "1.0.0",
            "version_normalized": "1.0.0.0",
            "source": {
                "type": "git",
                "url": "https://github.com/php-fig/event-dispatcher.git",
                "reference": "dbefd12671e8a14ec7f180cab83036ed26714bb0"
            },
            "dist": {
                "type": "zip",
                "url": "https://api.github.com/repos/php-fig/event-dispatcher/zipball/dbefd12671e8a14ec7f180cab83036ed26714bb0",
                "reference": "dbefd12671e8a14ec7f180cab83036ed26714bb0",
                "shasum": ""
            },
            "require": {
                "php": ">=7.2.0"
            },
            "time": "2019-01-08T18:20:26+00:00",
            "type": "library",
            "extra": {
                "branch-alias": {
                    "dev-master": "1.0.x-dev"
                }
            },
            "installation-source": "dist",
            "autoload": {
                "psr-4": {
                    "Psr\\EventDispatcher\\": "src/"
                }
            },
            "notification-url": "https://packagist.org/downloads/",
            "license": [
                "MIT"
            ],
            "authors": [
                {
                    "name": "PHP-FIG",
                    "homepage": "http://www.php-fig.org/"
                }
            ],
            "description": "Standard interfaces for event handling.",
            "keywords": [
                "events",
                "psr",
                "psr-14"
            ],
            "support": {
                "issues": "https://github.com/php-fig/event-dispatcher/issues",
                "source": "https://github.com/php-fig/event-dispatcher/tree/1.0.0"
            },
            "install-path": "../psr/event-dispatcher"
        },
        {
            "name": "psr/log",
            "version": "3.0.0",
            "version_normalized": "3.0.0.0",
            "source": {
                "type": "git",
                "url": "https://github.com/php-fig/log.git",
                "reference": "fe5ea303b0887d5caefd3d431c3e61ad47037001"
            },
            "dist": {
                "type": "zip",
                "url": "https://api.github.com/repos/php-fig/log/zipball/fe5ea303b0887d5caefd3d431c3e61ad47037001",
                "reference": "fe5ea303b0887d5caefd3d431c3e61ad47037001",
                "shasum": ""
            },
            "require": {
                "php": ">=8.0.0"
            },
            "time": "2021-07-14T16:46:02+00:00",
            "type": "library",
            "extra": {
                "branch-alias": {
                    "dev-master": "3.x-dev"
                }
            },
            "installation-source": "dist",
            "autoload": {
                "psr-4": {
                    "Psr\\Log\\": "src"
                }
            },
            "notification-url": "https://packagist.org/downloads/",
            "license": [
                "MIT"
            ],
            "authors": [
                {
                    "name": "PHP-FIG",
                    "homepage": "https://www.php-fig.org/"
                }
            ],
            "description": "Common interface for logging libraries",
            "homepage": "https://github.com/php-fig/log",
            "keywords": [
                "log",
                "psr",
                "psr-3"
            ],
            "support": {
                "source": "https://github.com/php-fig/log/tree/3.0.0"
            },
            "install-path": "../psr/log"
        },
        {
            "name": "symfony/amazon-mailer",
            "version": "v6.2.0",
            "version_normalized": "6.2.0.0",
            "source": {
                "type": "git",
                "url": "https://github.com/symfony/amazon-mailer.git",
                "reference": "dd0ba26820f332633f084b2aa18da2980a0f62ca"
            },
            "dist": {
                "type": "zip",
                "url": "https://api.github.com/repos/symfony/amazon-mailer/zipball/dd0ba26820f332633f084b2aa18da2980a0f62ca",
                "reference": "dd0ba26820f332633f084b2aa18da2980a0f62ca",
                "shasum": ""
            },
            "require": {
                "async-aws/ses": "^1.0",
                "php": ">=8.1",
                "symfony/mailer": "^5.4|^6.0"
            },
            "require-dev": {
                "symfony/http-client": "^5.4|^6.0"
            },
            "time": "2022-07-20T16:13:05+00:00",
            "type": "symfony-mailer-bridge",
            "installation-source": "dist",
            "autoload": {
                "psr-4": {
                    "Symfony\\Component\\Mailer\\Bridge\\Amazon\\": ""
                },
                "exclude-from-classmap": [
                    "/Tests/"
                ]
            },
            "notification-url": "https://packagist.org/downloads/",
            "license": [
                "MIT"
            ],
            "authors": [
                {
                    "name": "Fabien Potencier",
                    "email": "fabien@symfony.com"
                },
                {
                    "name": "Symfony Community",
                    "homepage": "https://symfony.com/contributors"
                }
            ],
            "description": "Symfony Amazon Mailer Bridge",
            "homepage": "https://symfony.com",
            "support": {
                "source": "https://github.com/symfony/amazon-mailer/tree/v6.2.0"
            },
            "funding": [
                {
                    "url": "https://symfony.com/sponsor",
                    "type": "custom"
                },
                {
                    "url": "https://github.com/fabpot",
                    "type": "github"
                },
                {
                    "url": "https://tidelift.com/funding/github/packagist/symfony/symfony",
                    "type": "tidelift"
                }
            ],
            "install-path": "../symfony/amazon-mailer"
        },
        {
            "name": "symfony/deprecation-contracts",
            "version": "v3.2.0",
            "version_normalized": "3.2.0.0",
            "source": {
                "type": "git",
                "url": "https://github.com/symfony/deprecation-contracts.git",
                "reference": "1ee04c65529dea5d8744774d474e7cbd2f1206d3"
            },
            "dist": {
                "type": "zip",
                "url": "https://api.github.com/repos/symfony/deprecation-contracts/zipball/1ee04c65529dea5d8744774d474e7cbd2f1206d3",
                "reference": "1ee04c65529dea5d8744774d474e7cbd2f1206d3",
                "shasum": ""
            },
            "require": {
                "php": ">=8.1"
            },
            "time": "2022-11-25T10:21:52+00:00",
            "type": "library",
            "extra": {
                "branch-alias": {
                    "dev-main": "3.3-dev"
                },
                "thanks": {
                    "name": "symfony/contracts",
                    "url": "https://github.com/symfony/contracts"
                }
            },
            "installation-source": "dist",
            "autoload": {
                "files": [
                    "function.php"
                ]
            },
            "notification-url": "https://packagist.org/downloads/",
            "license": [
                "MIT"
            ],
            "authors": [
                {
                    "name": "Nicolas Grekas",
                    "email": "p@tchwork.com"
                },
                {
                    "name": "Symfony Community",
                    "homepage": "https://symfony.com/contributors"
                }
            ],
            "description": "A generic function and convention to trigger deprecation notices",
            "homepage": "https://symfony.com",
            "support": {
                "source": "https://github.com/symfony/deprecation-contracts/tree/v3.2.0"
            },
            "funding": [
                {
                    "url": "https://symfony.com/sponsor",
                    "type": "custom"
                },
                {
                    "url": "https://github.com/fabpot",
                    "type": "github"
                },
                {
                    "url": "https://tidelift.com/funding/github/packagist/symfony/symfony",
                    "type": "tidelift"
                }
            ],
            "install-path": "../symfony/deprecation-contracts"
        },
        {
            "name": "symfony/event-dispatcher",
            "version": "v6.2.2",
            "version_normalized": "6.2.2.0",
            "source": {
                "type": "git",
                "url": "https://github.com/symfony/event-dispatcher.git",
                "reference": "3ffeb31139b49bf6ef0bc09d1db95eac053388d1"
            },
            "dist": {
                "type": "zip",
                "url": "https://api.github.com/repos/symfony/event-dispatcher/zipball/3ffeb31139b49bf6ef0bc09d1db95eac053388d1",
                "reference": "3ffeb31139b49bf6ef0bc09d1db95eac053388d1",
                "shasum": ""
            },
            "require": {
                "php": ">=8.1",
                "symfony/event-dispatcher-contracts": "^2|^3"
            },
            "conflict": {
                "symfony/dependency-injection": "<5.4"
            },
            "provide": {
                "psr/event-dispatcher-implementation": "1.0",
                "symfony/event-dispatcher-implementation": "2.0|3.0"
            },
            "require-dev": {
                "psr/log": "^1|^2|^3",
                "symfony/config": "^5.4|^6.0",
                "symfony/dependency-injection": "^5.4|^6.0",
                "symfony/error-handler": "^5.4|^6.0",
                "symfony/expression-language": "^5.4|^6.0",
                "symfony/http-foundation": "^5.4|^6.0",
                "symfony/service-contracts": "^1.1|^2|^3",
                "symfony/stopwatch": "^5.4|^6.0"
            },
            "suggest": {
                "symfony/dependency-injection": "",
                "symfony/http-kernel": ""
            },
            "time": "2022-12-14T16:11:27+00:00",
            "type": "library",
            "installation-source": "dist",
            "autoload": {
                "psr-4": {
                    "Symfony\\Component\\EventDispatcher\\": ""
                },
                "exclude-from-classmap": [
                    "/Tests/"
                ]
            },
            "notification-url": "https://packagist.org/downloads/",
            "license": [
                "MIT"
            ],
            "authors": [
                {
                    "name": "Fabien Potencier",
                    "email": "fabien@symfony.com"
                },
                {
                    "name": "Symfony Community",
                    "homepage": "https://symfony.com/contributors"
                }
            ],
            "description": "Provides tools that allow your application components to communicate with each other by dispatching events and listening to them",
            "homepage": "https://symfony.com",
            "support": {
                "source": "https://github.com/symfony/event-dispatcher/tree/v6.2.2"
            },
            "funding": [
                {
                    "url": "https://symfony.com/sponsor",
                    "type": "custom"
                },
                {
                    "url": "https://github.com/fabpot",
                    "type": "github"
                },
                {
                    "url": "https://tidelift.com/funding/github/packagist/symfony/symfony",
                    "type": "tidelift"
                }
            ],
            "install-path": "../symfony/event-dispatcher"
        },
        {
            "name": "symfony/event-dispatcher-contracts",
            "version": "v3.2.0",
            "version_normalized": "3.2.0.0",
            "source": {
                "type": "git",
                "url": "https://github.com/symfony/event-dispatcher-contracts.git",
                "reference": "0782b0b52a737a05b4383d0df35a474303cabdae"
            },
            "dist": {
                "type": "zip",
                "url": "https://api.github.com/repos/symfony/event-dispatcher-contracts/zipball/0782b0b52a737a05b4383d0df35a474303cabdae",
                "reference": "0782b0b52a737a05b4383d0df35a474303cabdae",
                "shasum": ""
            },
            "require": {
                "php": ">=8.1",
                "psr/event-dispatcher": "^1"
            },
            "suggest": {
                "symfony/event-dispatcher-implementation": ""
            },
            "time": "2022-11-25T10:21:52+00:00",
            "type": "library",
            "extra": {
                "branch-alias": {
                    "dev-main": "3.3-dev"
                },
                "thanks": {
                    "name": "symfony/contracts",
                    "url": "https://github.com/symfony/contracts"
                }
            },
            "installation-source": "dist",
            "autoload": {
                "psr-4": {
                    "Symfony\\Contracts\\EventDispatcher\\": ""
                }
            },
            "notification-url": "https://packagist.org/downloads/",
            "license": [
                "MIT"
            ],
            "authors": [
                {
                    "name": "Nicolas Grekas",
                    "email": "p@tchwork.com"
                },
                {
                    "name": "Symfony Community",
                    "homepage": "https://symfony.com/contributors"
                }
            ],
            "description": "Generic abstractions related to dispatching event",
            "homepage": "https://symfony.com",
            "keywords": [
                "abstractions",
                "contracts",
                "decoupling",
                "interfaces",
                "interoperability",
                "standards"
            ],
            "support": {
                "source": "https://github.com/symfony/event-dispatcher-contracts/tree/v3.2.0"
            },
            "funding": [
                {
                    "url": "https://symfony.com/sponsor",
                    "type": "custom"
                },
                {
                    "url": "https://github.com/fabpot",
                    "type": "github"
                },
                {
                    "url": "https://tidelift.com/funding/github/packagist/symfony/symfony",
                    "type": "tidelift"
                }
            ],
            "install-path": "../symfony/event-dispatcher-contracts"
        },
        {
            "name": "symfony/google-mailer",
            "version": "v6.2.0",
            "version_normalized": "6.2.0.0",
            "source": {
                "type": "git",
                "url": "https://github.com/symfony/google-mailer.git",
                "reference": "de82c003c3e69dfbd5e8ee3e12b16e7f3156c0ab"
            },
            "dist": {
                "type": "zip",
                "url": "https://api.github.com/repos/symfony/google-mailer/zipball/de82c003c3e69dfbd5e8ee3e12b16e7f3156c0ab",
                "reference": "de82c003c3e69dfbd5e8ee3e12b16e7f3156c0ab",
                "shasum": ""
            },
            "require": {
                "php": ">=8.1",
                "symfony/mailer": "^5.4|^6.0"
            },
            "time": "2022-07-11T06:49:17+00:00",
            "type": "symfony-mailer-bridge",
            "installation-source": "dist",
            "autoload": {
                "psr-4": {
                    "Symfony\\Component\\Mailer\\Bridge\\Google\\": ""
                },
                "exclude-from-classmap": [
                    "/Tests/"
                ]
            },
            "notification-url": "https://packagist.org/downloads/",
            "license": [
                "MIT"
            ],
            "authors": [
                {
                    "name": "Fabien Potencier",
                    "email": "fabien@symfony.com"
                },
                {
                    "name": "Symfony Community",
                    "homepage": "https://symfony.com/contributors"
                }
            ],
            "description": "Symfony Google Mailer Bridge",
            "homepage": "https://symfony.com",
            "support": {
                "source": "https://github.com/symfony/google-mailer/tree/v6.2.0"
            },
            "funding": [
                {
                    "url": "https://symfony.com/sponsor",
                    "type": "custom"
                },
                {
                    "url": "https://github.com/fabpot",
                    "type": "github"
                },
                {
                    "url": "https://tidelift.com/funding/github/packagist/symfony/symfony",
                    "type": "tidelift"
                }
            ],
            "install-path": "../symfony/google-mailer"
        },
        {
            "name": "symfony/http-client",
            "version": "v6.2.2",
            "version_normalized": "6.2.2.0",
            "source": {
                "type": "git",
                "url": "https://github.com/symfony/http-client.git",
                "reference": "7054ad466f836309aef511789b9c697bc986d8ce"
            },
            "dist": {
                "type": "zip",
                "url": "https://api.github.com/repos/symfony/http-client/zipball/7054ad466f836309aef511789b9c697bc986d8ce",
                "reference": "7054ad466f836309aef511789b9c697bc986d8ce",
                "shasum": ""
            },
            "require": {
                "php": ">=8.1",
                "psr/log": "^1|^2|^3",
                "symfony/deprecation-contracts": "^2.1|^3",
                "symfony/http-client-contracts": "^3",
                "symfony/service-contracts": "^1.0|^2|^3"
            },
            "provide": {
                "php-http/async-client-implementation": "*",
                "php-http/client-implementation": "*",
                "psr/http-client-implementation": "1.0",
                "symfony/http-client-implementation": "3.0"
            },
            "require-dev": {
                "amphp/amp": "^2.5",
                "amphp/http-client": "^4.2.1",
                "amphp/http-tunnel": "^1.0",
                "amphp/socket": "^1.1",
                "guzzlehttp/promises": "^1.4",
                "nyholm/psr7": "^1.0",
                "php-http/httplug": "^1.0|^2.0",
                "psr/http-client": "^1.0",
                "symfony/dependency-injection": "^5.4|^6.0",
                "symfony/http-kernel": "^5.4|^6.0",
                "symfony/process": "^5.4|^6.0",
                "symfony/stopwatch": "^5.4|^6.0"
            },
            "time": "2022-12-14T16:11:27+00:00",
            "type": "library",
            "installation-source": "dist",
            "autoload": {
                "psr-4": {
                    "Symfony\\Component\\HttpClient\\": ""
                },
                "exclude-from-classmap": [
                    "/Tests/"
                ]
            },
            "notification-url": "https://packagist.org/downloads/",
            "license": [
                "MIT"
            ],
            "authors": [
                {
                    "name": "Nicolas Grekas",
                    "email": "p@tchwork.com"
                },
                {
                    "name": "Symfony Community",
                    "homepage": "https://symfony.com/contributors"
                }
            ],
            "description": "Provides powerful methods to fetch HTTP resources synchronously or asynchronously",
            "homepage": "https://symfony.com",
            "support": {
                "source": "https://github.com/symfony/http-client/tree/v6.2.2"
            },
            "funding": [
                {
                    "url": "https://symfony.com/sponsor",
                    "type": "custom"
                },
                {
                    "url": "https://github.com/fabpot",
                    "type": "github"
                },
                {
                    "url": "https://tidelift.com/funding/github/packagist/symfony/symfony",
                    "type": "tidelift"
                }
            ],
            "install-path": "../symfony/http-client"
        },
        {
            "name": "symfony/http-client-contracts",
            "version": "v3.2.0",
            "version_normalized": "3.2.0.0",
            "source": {
                "type": "git",
                "url": "https://github.com/symfony/http-client-contracts.git",
                "reference": "c5f587eb445224ddfeb05b5ee703476742d730bf"
            },
            "dist": {
                "type": "zip",
                "url": "https://api.github.com/repos/symfony/http-client-contracts/zipball/c5f587eb445224ddfeb05b5ee703476742d730bf",
                "reference": "c5f587eb445224ddfeb05b5ee703476742d730bf",
                "shasum": ""
            },
            "require": {
                "php": ">=8.1"
            },
            "suggest": {
                "symfony/http-client-implementation": ""
            },
            "time": "2022-11-25T10:21:52+00:00",
            "type": "library",
            "extra": {
                "branch-alias": {
                    "dev-main": "3.3-dev"
                },
                "thanks": {
                    "name": "symfony/contracts",
                    "url": "https://github.com/symfony/contracts"
                }
            },
            "installation-source": "dist",
            "autoload": {
                "psr-4": {
                    "Symfony\\Contracts\\HttpClient\\": ""
                },
                "exclude-from-classmap": [
                    "/Test/"
                ]
            },
            "notification-url": "https://packagist.org/downloads/",
            "license": [
                "MIT"
            ],
            "authors": [
                {
                    "name": "Nicolas Grekas",
                    "email": "p@tchwork.com"
                },
                {
                    "name": "Symfony Community",
                    "homepage": "https://symfony.com/contributors"
                }
            ],
            "description": "Generic abstractions related to HTTP clients",
            "homepage": "https://symfony.com",
            "keywords": [
                "abstractions",
                "contracts",
                "decoupling",
                "interfaces",
                "interoperability",
                "standards"
            ],
            "support": {
                "source": "https://github.com/symfony/http-client-contracts/tree/v3.2.0"
            },
            "funding": [
                {
                    "url": "https://symfony.com/sponsor",
                    "type": "custom"
                },
                {
                    "url": "https://github.com/fabpot",
                    "type": "github"
                },
                {
                    "url": "https://tidelift.com/funding/github/packagist/symfony/symfony",
                    "type": "tidelift"
                }
            ],
            "install-path": "../symfony/http-client-contracts"
        },
        {
            "name": "symfony/mail-pace-mailer",
            "version": "v6.2.0",
            "version_normalized": "6.2.0.0",
            "source": {
                "type": "git",
                "url": "https://github.com/symfony/mail-pace-mailer.git",
                "reference": "2dff4e239a8f8e7f8de940313f760af88a3049cb"
            },
            "dist": {
                "type": "zip",
                "url": "https://api.github.com/repos/symfony/mail-pace-mailer/zipball/2dff4e239a8f8e7f8de940313f760af88a3049cb",
                "reference": "2dff4e239a8f8e7f8de940313f760af88a3049cb",
                "shasum": ""
            },
            "require": {
                "php": ">=8.1",
                "psr/event-dispatcher": "^1",
                "symfony/mailer": "^5.4|^6.0"
            },
            "require-dev": {
                "symfony/http-client": "^5.4|^6.0"
            },
            "time": "2022-06-25T07:31:48+00:00",
            "type": "symfony-mailer-bridge",
            "installation-source": "dist",
            "autoload": {
                "psr-4": {
                    "Symfony\\Component\\Mailer\\Bridge\\MailPace\\": ""
                },
                "exclude-from-classmap": [
                    "/Tests/"
                ]
            },
            "notification-url": "https://packagist.org/downloads/",
            "license": [
                "MIT"
            ],
            "authors": [
                {
                    "name": "Fabien Potencier",
                    "email": "fabien@symfony.com"
                },
                {
                    "name": "Symfony Community",
                    "homepage": "https://symfony.com/contributors"
                },
                {
                    "name": "Paul Oms",
                    "homepage": "https://mailpace.com"
                }
            ],
            "description": "Symfony MailPace Mailer Bridge",
            "homepage": "https://symfony.com",
            "support": {
                "source": "https://github.com/symfony/mail-pace-mailer/tree/v6.2.0"
            },
            "funding": [
                {
                    "url": "https://symfony.com/sponsor",
                    "type": "custom"
                },
                {
                    "url": "https://github.com/fabpot",
                    "type": "github"
                },
                {
                    "url": "https://tidelift.com/funding/github/packagist/symfony/symfony",
                    "type": "tidelift"
                }
            ],
            "install-path": "../symfony/mail-pace-mailer"
        },
        {
            "name": "symfony/mailchimp-mailer",
            "version": "v6.2.0",
            "version_normalized": "6.2.0.0",
            "source": {
                "type": "git",
                "url": "https://github.com/symfony/mailchimp-mailer.git",
                "reference": "cead77def3bf27262a838b1a86b6cdb6deede865"
            },
            "dist": {
                "type": "zip",
                "url": "https://api.github.com/repos/symfony/mailchimp-mailer/zipball/cead77def3bf27262a838b1a86b6cdb6deede865",
                "reference": "cead77def3bf27262a838b1a86b6cdb6deede865",
                "shasum": ""
            },
            "require": {
                "php": ">=8.1",
                "symfony/mailer": "^5.4|^6.0"
            },
            "require-dev": {
                "symfony/http-client": "^5.4|^6.0"
            },
            "time": "2022-07-11T06:49:17+00:00",
            "type": "symfony-mailer-bridge",
            "installation-source": "dist",
            "autoload": {
                "psr-4": {
                    "Symfony\\Component\\Mailer\\Bridge\\Mailchimp\\": ""
                },
                "exclude-from-classmap": [
                    "/Tests/"
                ]
            },
            "notification-url": "https://packagist.org/downloads/",
            "license": [
                "MIT"
            ],
            "authors": [
                {
                    "name": "Fabien Potencier",
                    "email": "fabien@symfony.com"
                },
                {
                    "name": "Symfony Community",
                    "homepage": "https://symfony.com/contributors"
                }
            ],
            "description": "Symfony Mailchimp Mailer Bridge",
            "homepage": "https://symfony.com",
            "support": {
                "source": "https://github.com/symfony/mailchimp-mailer/tree/v6.2.0"
            },
            "funding": [
                {
                    "url": "https://symfony.com/sponsor",
                    "type": "custom"
                },
                {
                    "url": "https://github.com/fabpot",
                    "type": "github"
                },
                {
                    "url": "https://tidelift.com/funding/github/packagist/symfony/symfony",
                    "type": "tidelift"
                }
            ],
            "install-path": "../symfony/mailchimp-mailer"
        },
        {
            "name": "symfony/mailer",
            "version": "v6.2.2",
            "version_normalized": "6.2.2.0",
            "source": {
                "type": "git",
                "url": "https://github.com/symfony/mailer.git",
                "reference": "b355ad81f1d2987c47dcd3b04d5dce669e1e62e6"
            },
            "dist": {
                "type": "zip",
                "url": "https://api.github.com/repos/symfony/mailer/zipball/b355ad81f1d2987c47dcd3b04d5dce669e1e62e6",
                "reference": "b355ad81f1d2987c47dcd3b04d5dce669e1e62e6",
                "shasum": ""
            },
            "require": {
                "egulias/email-validator": "^2.1.10|^3",
                "php": ">=8.1",
                "psr/event-dispatcher": "^1",
                "psr/log": "^1|^2|^3",
                "symfony/event-dispatcher": "^5.4|^6.0",
                "symfony/mime": "^6.2",
                "symfony/service-contracts": "^1.1|^2|^3"
            },
            "conflict": {
                "symfony/http-kernel": "<5.4",
                "symfony/messenger": "<6.2",
                "symfony/mime": "<6.2",
                "symfony/twig-bridge": "<6.2.1"
            },
            "require-dev": {
                "symfony/console": "^5.4|^6.0",
                "symfony/http-client-contracts": "^1.1|^2|^3",
                "symfony/messenger": "^6.2",
                "symfony/twig-bridge": "^6.2"
            },
            "time": "2022-12-14T16:11:27+00:00",
            "type": "library",
            "installation-source": "dist",
            "autoload": {
                "psr-4": {
                    "Symfony\\Component\\Mailer\\": ""
                },
                "exclude-from-classmap": [
                    "/Tests/"
                ]
            },
            "notification-url": "https://packagist.org/downloads/",
            "license": [
                "MIT"
            ],
            "authors": [
                {
                    "name": "Fabien Potencier",
                    "email": "fabien@symfony.com"
                },
                {
                    "name": "Symfony Community",
                    "homepage": "https://symfony.com/contributors"
                }
            ],
            "description": "Helps sending emails",
            "homepage": "https://symfony.com",
            "support": {
                "source": "https://github.com/symfony/mailer/tree/v6.2.2"
            },
            "funding": [
                {
                    "url": "https://symfony.com/sponsor",
                    "type": "custom"
                },
                {
                    "url": "https://github.com/fabpot",
                    "type": "github"
                },
                {
                    "url": "https://tidelift.com/funding/github/packagist/symfony/symfony",
                    "type": "tidelift"
                }
            ],
            "install-path": "../symfony/mailer"
        },
        {
            "name": "symfony/mailgun-mailer",
            "version": "v6.2.0",
            "version_normalized": "6.2.0.0",
            "source": {
                "type": "git",
                "url": "https://github.com/symfony/mailgun-mailer.git",
                "reference": "c5364fbcf5581ba9eae569db12b380b9255ce238"
            },
            "dist": {
                "type": "zip",
                "url": "https://api.github.com/repos/symfony/mailgun-mailer/zipball/c5364fbcf5581ba9eae569db12b380b9255ce238",
                "reference": "c5364fbcf5581ba9eae569db12b380b9255ce238",
                "shasum": ""
            },
            "require": {
                "php": ">=8.1",
                "symfony/mailer": "^5.4|^6.0"
            },
            "require-dev": {
                "symfony/http-client": "^5.4|^6.0"
            },
            "time": "2022-10-09T08:55:40+00:00",
            "type": "symfony-mailer-bridge",
            "installation-source": "dist",
            "autoload": {
                "psr-4": {
                    "Symfony\\Component\\Mailer\\Bridge\\Mailgun\\": ""
                },
                "exclude-from-classmap": [
                    "/Tests/"
                ]
            },
            "notification-url": "https://packagist.org/downloads/",
            "license": [
                "MIT"
            ],
            "authors": [
                {
                    "name": "Fabien Potencier",
                    "email": "fabien@symfony.com"
                },
                {
                    "name": "Symfony Community",
                    "homepage": "https://symfony.com/contributors"
                }
            ],
            "description": "Symfony Mailgun Mailer Bridge",
            "homepage": "https://symfony.com",
            "support": {
                "source": "https://github.com/symfony/mailgun-mailer/tree/v6.2.0"
            },
            "funding": [
                {
                    "url": "https://symfony.com/sponsor",
                    "type": "custom"
                },
                {
                    "url": "https://github.com/fabpot",
                    "type": "github"
                },
                {
                    "url": "https://tidelift.com/funding/github/packagist/symfony/symfony",
                    "type": "tidelift"
                }
            ],
            "install-path": "../symfony/mailgun-mailer"
        },
        {
            "name": "symfony/mailjet-mailer",
            "version": "v6.2.0",
            "version_normalized": "6.2.0.0",
            "source": {
                "type": "git",
                "url": "https://github.com/symfony/mailjet-mailer.git",
                "reference": "50d528664f70ae1184667e2bad8dc2d663695099"
            },
            "dist": {
                "type": "zip",
                "url": "https://api.github.com/repos/symfony/mailjet-mailer/zipball/50d528664f70ae1184667e2bad8dc2d663695099",
                "reference": "50d528664f70ae1184667e2bad8dc2d663695099",
                "shasum": ""
            },
            "require": {
                "php": ">=8.1",
                "symfony/mailer": "^5.4|^6.0"
            },
            "require-dev": {
                "symfony/http-client": "^5.4|^6.0"
            },
            "time": "2022-10-01T16:55:50+00:00",
            "type": "symfony-mailer-bridge",
            "installation-source": "dist",
            "autoload": {
                "psr-4": {
                    "Symfony\\Component\\Mailer\\Bridge\\Mailjet\\": ""
                },
                "exclude-from-classmap": [
                    "/Tests/"
                ]
            },
            "notification-url": "https://packagist.org/downloads/",
            "license": [
                "MIT"
            ],
            "authors": [
                {
                    "name": "Fabien Potencier",
                    "email": "fabien@symfony.com"
                },
                {
                    "name": "Symfony Community",
                    "homepage": "https://symfony.com/contributors"
                }
            ],
            "description": "Symfony Mailjet Mailer Bridge",
            "homepage": "https://symfony.com",
            "support": {
                "source": "https://github.com/symfony/mailjet-mailer/tree/v6.2.0"
            },
            "funding": [
                {
                    "url": "https://symfony.com/sponsor",
                    "type": "custom"
                },
                {
                    "url": "https://github.com/fabpot",
                    "type": "github"
                },
                {
                    "url": "https://tidelift.com/funding/github/packagist/symfony/symfony",
                    "type": "tidelift"
                }
            ],
            "install-path": "../symfony/mailjet-mailer"
        },
        {
            "name": "symfony/mime",
            "version": "v6.2.2",
            "version_normalized": "6.2.2.0",
            "source": {
                "type": "git",
                "url": "https://github.com/symfony/mime.git",
                "reference": "8c98bf40406e791043890a163f6f6599b9cfa1ed"
            },
            "dist": {
                "type": "zip",
                "url": "https://api.github.com/repos/symfony/mime/zipball/8c98bf40406e791043890a163f6f6599b9cfa1ed",
                "reference": "8c98bf40406e791043890a163f6f6599b9cfa1ed",
                "shasum": ""
            },
            "require": {
                "php": ">=8.1",
                "symfony/polyfill-intl-idn": "^1.10",
                "symfony/polyfill-mbstring": "^1.0"
            },
            "conflict": {
                "egulias/email-validator": "~3.0.0",
                "phpdocumentor/reflection-docblock": "<3.2.2",
                "phpdocumentor/type-resolver": "<1.4.0",
                "symfony/mailer": "<5.4",
                "symfony/serializer": "<6.2"
            },
            "require-dev": {
                "egulias/email-validator": "^2.1.10|^3.1",
                "league/html-to-markdown": "^5.0",
                "phpdocumentor/reflection-docblock": "^3.0|^4.0|^5.0",
                "symfony/dependency-injection": "^5.4|^6.0",
                "symfony/property-access": "^5.4|^6.0",
                "symfony/property-info": "^5.4|^6.0",
                "symfony/serializer": "^6.2"
            },
            "time": "2022-12-14T16:38:10+00:00",
            "type": "library",
            "installation-source": "dist",
            "autoload": {
                "psr-4": {
                    "Symfony\\Component\\Mime\\": ""
                },
                "exclude-from-classmap": [
                    "/Tests/"
                ]
            },
            "notification-url": "https://packagist.org/downloads/",
            "license": [
                "MIT"
            ],
            "authors": [
                {
                    "name": "Fabien Potencier",
                    "email": "fabien@symfony.com"
                },
                {
                    "name": "Symfony Community",
                    "homepage": "https://symfony.com/contributors"
                }
            ],
            "description": "Allows manipulating MIME messages",
            "homepage": "https://symfony.com",
            "keywords": [
                "mime",
                "mime-type"
            ],
            "support": {
                "source": "https://github.com/symfony/mime/tree/v6.2.2"
            },
            "funding": [
                {
                    "url": "https://symfony.com/sponsor",
                    "type": "custom"
                },
                {
                    "url": "https://github.com/fabpot",
                    "type": "github"
                },
                {
                    "url": "https://tidelift.com/funding/github/packagist/symfony/symfony",
                    "type": "tidelift"
                }
            ],
            "install-path": "../symfony/mime"
        },
        {
            "name": "symfony/polyfill-intl-idn",
            "version": "v1.27.0",
            "version_normalized": "1.27.0.0",
            "source": {
                "type": "git",
                "url": "https://github.com/symfony/polyfill-intl-idn.git",
                "reference": "639084e360537a19f9ee352433b84ce831f3d2da"
            },
            "dist": {
                "type": "zip",
                "url": "https://api.github.com/repos/symfony/polyfill-intl-idn/zipball/639084e360537a19f9ee352433b84ce831f3d2da",
                "reference": "639084e360537a19f9ee352433b84ce831f3d2da",
                "shasum": ""
            },
            "require": {
                "php": ">=7.1",
                "symfony/polyfill-intl-normalizer": "^1.10",
                "symfony/polyfill-php72": "^1.10"
            },
            "suggest": {
                "ext-intl": "For best performance"
            },
            "time": "2022-11-03T14:55:06+00:00",
            "type": "library",
            "extra": {
                "branch-alias": {
                    "dev-main": "1.27-dev"
                },
                "thanks": {
                    "name": "symfony/polyfill",
                    "url": "https://github.com/symfony/polyfill"
                }
            },
            "installation-source": "dist",
            "autoload": {
                "files": [
                    "bootstrap.php"
                ],
                "psr-4": {
                    "Symfony\\Polyfill\\Intl\\Idn\\": ""
                }
            },
            "notification-url": "https://packagist.org/downloads/",
            "license": [
                "MIT"
            ],
            "authors": [
                {
                    "name": "Laurent Bassin",
                    "email": "laurent@bassin.info"
                },
                {
                    "name": "Trevor Rowbotham",
                    "email": "trevor.rowbotham@pm.me"
                },
                {
                    "name": "Symfony Community",
                    "homepage": "https://symfony.com/contributors"
                }
            ],
            "description": "Symfony polyfill for intl's idn_to_ascii and idn_to_utf8 functions",
            "homepage": "https://symfony.com",
            "keywords": [
                "compatibility",
                "idn",
                "intl",
                "polyfill",
                "portable",
                "shim"
            ],
            "support": {
                "source": "https://github.com/symfony/polyfill-intl-idn/tree/v1.27.0"
            },
            "funding": [
                {
                    "url": "https://symfony.com/sponsor",
                    "type": "custom"
                },
                {
                    "url": "https://github.com/fabpot",
                    "type": "github"
                },
                {
                    "url": "https://tidelift.com/funding/github/packagist/symfony/symfony",
                    "type": "tidelift"
                }
            ],
            "install-path": "../symfony/polyfill-intl-idn"
        },
        {
            "name": "symfony/polyfill-intl-normalizer",
            "version": "v1.27.0",
            "version_normalized": "1.27.0.0",
            "source": {
                "type": "git",
                "url": "https://github.com/symfony/polyfill-intl-normalizer.git",
                "reference": "19bd1e4fcd5b91116f14d8533c57831ed00571b6"
            },
            "dist": {
                "type": "zip",
                "url": "https://api.github.com/repos/symfony/polyfill-intl-normalizer/zipball/19bd1e4fcd5b91116f14d8533c57831ed00571b6",
                "reference": "19bd1e4fcd5b91116f14d8533c57831ed00571b6",
                "shasum": ""
            },
            "require": {
                "php": ">=7.1"
            },
            "suggest": {
                "ext-intl": "For best performance"
            },
            "time": "2022-11-03T14:55:06+00:00",
            "type": "library",
            "extra": {
                "branch-alias": {
                    "dev-main": "1.27-dev"
                },
                "thanks": {
                    "name": "symfony/polyfill",
                    "url": "https://github.com/symfony/polyfill"
                }
            },
            "installation-source": "dist",
            "autoload": {
                "files": [
                    "bootstrap.php"
                ],
                "psr-4": {
                    "Symfony\\Polyfill\\Intl\\Normalizer\\": ""
                },
                "classmap": [
                    "Resources/stubs"
                ]
            },
            "notification-url": "https://packagist.org/downloads/",
            "license": [
                "MIT"
            ],
            "authors": [
                {
                    "name": "Nicolas Grekas",
                    "email": "p@tchwork.com"
                },
                {
                    "name": "Symfony Community",
                    "homepage": "https://symfony.com/contributors"
                }
            ],
            "description": "Symfony polyfill for intl's Normalizer class and related functions",
            "homepage": "https://symfony.com",
            "keywords": [
                "compatibility",
                "intl",
                "normalizer",
                "polyfill",
                "portable",
                "shim"
            ],
            "support": {
                "source": "https://github.com/symfony/polyfill-intl-normalizer/tree/v1.27.0"
            },
            "funding": [
                {
                    "url": "https://symfony.com/sponsor",
                    "type": "custom"
                },
                {
                    "url": "https://github.com/fabpot",
                    "type": "github"
                },
                {
                    "url": "https://tidelift.com/funding/github/packagist/symfony/symfony",
                    "type": "tidelift"
                }
            ],
            "install-path": "../symfony/polyfill-intl-normalizer"
        },
        {
            "name": "symfony/polyfill-mbstring",
            "version": "v1.27.0",
            "version_normalized": "1.27.0.0",
            "source": {
                "type": "git",
                "url": "https://github.com/symfony/polyfill-mbstring.git",
                "reference": "8ad114f6b39e2c98a8b0e3bd907732c207c2b534"
            },
            "dist": {
                "type": "zip",
                "url": "https://api.github.com/repos/symfony/polyfill-mbstring/zipball/8ad114f6b39e2c98a8b0e3bd907732c207c2b534",
                "reference": "8ad114f6b39e2c98a8b0e3bd907732c207c2b534",
                "shasum": ""
            },
            "require": {
                "php": ">=7.1"
            },
            "provide": {
                "ext-mbstring": "*"
            },
            "suggest": {
                "ext-mbstring": "For best performance"
            },
            "time": "2022-11-03T14:55:06+00:00",
            "type": "library",
            "extra": {
                "branch-alias": {
                    "dev-main": "1.27-dev"
                },
                "thanks": {
                    "name": "symfony/polyfill",
                    "url": "https://github.com/symfony/polyfill"
                }
            },
            "installation-source": "dist",
            "autoload": {
                "files": [
                    "bootstrap.php"
                ],
                "psr-4": {
                    "Symfony\\Polyfill\\Mbstring\\": ""
                }
            },
            "notification-url": "https://packagist.org/downloads/",
            "license": [
                "MIT"
            ],
            "authors": [
                {
                    "name": "Nicolas Grekas",
                    "email": "p@tchwork.com"
                },
                {
                    "name": "Symfony Community",
                    "homepage": "https://symfony.com/contributors"
                }
            ],
            "description": "Symfony polyfill for the Mbstring extension",
            "homepage": "https://symfony.com",
            "keywords": [
                "compatibility",
                "mbstring",
                "polyfill",
                "portable",
                "shim"
            ],
            "support": {
                "source": "https://github.com/symfony/polyfill-mbstring/tree/v1.27.0"
            },
            "funding": [
                {
                    "url": "https://symfony.com/sponsor",
                    "type": "custom"
                },
                {
                    "url": "https://github.com/fabpot",
                    "type": "github"
                },
                {
                    "url": "https://tidelift.com/funding/github/packagist/symfony/symfony",
                    "type": "tidelift"
                }
            ],
            "install-path": "../symfony/polyfill-mbstring"
        },
        {
            "name": "symfony/polyfill-php72",
            "version": "v1.27.0",
            "version_normalized": "1.27.0.0",
            "source": {
                "type": "git",
                "url": "https://github.com/symfony/polyfill-php72.git",
                "reference": "869329b1e9894268a8a61dabb69153029b7a8c97"
            },
            "dist": {
                "type": "zip",
                "url": "https://api.github.com/repos/symfony/polyfill-php72/zipball/869329b1e9894268a8a61dabb69153029b7a8c97",
                "reference": "869329b1e9894268a8a61dabb69153029b7a8c97",
                "shasum": ""
            },
            "require": {
                "php": ">=7.1"
            },
            "time": "2022-11-03T14:55:06+00:00",
            "type": "library",
            "extra": {
                "branch-alias": {
                    "dev-main": "1.27-dev"
                },
                "thanks": {
                    "name": "symfony/polyfill",
                    "url": "https://github.com/symfony/polyfill"
                }
            },
            "installation-source": "dist",
            "autoload": {
                "files": [
                    "bootstrap.php"
                ],
                "psr-4": {
                    "Symfony\\Polyfill\\Php72\\": ""
                }
            },
            "notification-url": "https://packagist.org/downloads/",
            "license": [
                "MIT"
            ],
            "authors": [
                {
                    "name": "Nicolas Grekas",
                    "email": "p@tchwork.com"
                },
                {
                    "name": "Symfony Community",
                    "homepage": "https://symfony.com/contributors"
                }
            ],
            "description": "Symfony polyfill backporting some PHP 7.2+ features to lower PHP versions",
            "homepage": "https://symfony.com",
            "keywords": [
                "compatibility",
                "polyfill",
                "portable",
                "shim"
            ],
            "support": {
                "source": "https://github.com/symfony/polyfill-php72/tree/v1.27.0"
            },
            "funding": [
                {
                    "url": "https://symfony.com/sponsor",
                    "type": "custom"
                },
                {
                    "url": "https://github.com/fabpot",
                    "type": "github"
                },
                {
                    "url": "https://tidelift.com/funding/github/packagist/symfony/symfony",
                    "type": "tidelift"
                }
            ],
            "install-path": "../symfony/polyfill-php72"
        },
        {
            "name": "symfony/postmark-mailer",
            "version": "v6.2.0",
            "version_normalized": "6.2.0.0",
            "source": {
                "type": "git",
                "url": "https://github.com/symfony/postmark-mailer.git",
                "reference": "5f38d688df43bea507bf0dfe0d0ca6f99221b708"
            },
            "dist": {
                "type": "zip",
                "url": "https://api.github.com/repos/symfony/postmark-mailer/zipball/5f38d688df43bea507bf0dfe0d0ca6f99221b708",
                "reference": "5f38d688df43bea507bf0dfe0d0ca6f99221b708",
                "shasum": ""
            },
            "require": {
                "php": ">=8.1",
                "symfony/mailer": "^5.4|^6.0"
            },
            "require-dev": {
                "symfony/http-client": "^5.4|^6.0"
            },
            "time": "2022-04-01T07:15:35+00:00",
            "type": "symfony-mailer-bridge",
            "installation-source": "dist",
            "autoload": {
                "psr-4": {
                    "Symfony\\Component\\Mailer\\Bridge\\Postmark\\": ""
                },
                "exclude-from-classmap": [
                    "/Tests/"
                ]
            },
            "notification-url": "https://packagist.org/downloads/",
            "license": [
                "MIT"
            ],
            "authors": [
                {
                    "name": "Fabien Potencier",
                    "email": "fabien@symfony.com"
                },
                {
                    "name": "Symfony Community",
                    "homepage": "https://symfony.com/contributors"
                }
            ],
            "description": "Symfony Postmark Mailer Bridge",
            "homepage": "https://symfony.com",
            "support": {
                "source": "https://github.com/symfony/postmark-mailer/tree/v6.2.0"
            },
            "funding": [
                {
                    "url": "https://symfony.com/sponsor",
                    "type": "custom"
                },
                {
                    "url": "https://github.com/fabpot",
                    "type": "github"
                },
                {
                    "url": "https://tidelift.com/funding/github/packagist/symfony/symfony",
                    "type": "tidelift"
                }
            ],
            "install-path": "../symfony/postmark-mailer"
        },
        {
            "name": "symfony/sendgrid-mailer",
            "version": "v6.2.0",
            "version_normalized": "6.2.0.0",
            "source": {
                "type": "git",
                "url": "https://github.com/symfony/sendgrid-mailer.git",
                "reference": "5784b3364faaa5be82f3a7d647f221b1bb881c7c"
            },
            "dist": {
                "type": "zip",
                "url": "https://api.github.com/repos/symfony/sendgrid-mailer/zipball/5784b3364faaa5be82f3a7d647f221b1bb881c7c",
                "reference": "5784b3364faaa5be82f3a7d647f221b1bb881c7c",
                "shasum": ""
            },
            "require": {
                "php": ">=8.1",
                "symfony/mailer": "^5.4|^6.0"
            },
            "conflict": {
                "symfony/mime": "<6.2"
            },
            "require-dev": {
                "symfony/http-client": "^5.4|^6.0"
            },
            "time": "2022-10-15T06:31:15+00:00",
            "type": "symfony-mailer-bridge",
            "installation-source": "dist",
            "autoload": {
                "psr-4": {
                    "Symfony\\Component\\Mailer\\Bridge\\Sendgrid\\": ""
                },
                "exclude-from-classmap": [
                    "/Tests/"
                ]
            },
            "notification-url": "https://packagist.org/downloads/",
            "license": [
                "MIT"
            ],
            "authors": [
                {
                    "name": "Fabien Potencier",
                    "email": "fabien@symfony.com"
                },
                {
                    "name": "Symfony Community",
                    "homepage": "https://symfony.com/contributors"
                }
            ],
            "description": "Symfony Sendgrid Mailer Bridge",
            "homepage": "https://symfony.com",
            "support": {
                "source": "https://github.com/symfony/sendgrid-mailer/tree/v6.2.0"
            },
            "funding": [
                {
                    "url": "https://symfony.com/sponsor",
                    "type": "custom"
                },
                {
                    "url": "https://github.com/fabpot",
                    "type": "github"
                },
                {
                    "url": "https://tidelift.com/funding/github/packagist/symfony/symfony",
                    "type": "tidelift"
                }
            ],
            "install-path": "../symfony/sendgrid-mailer"
        },
        {
            "name": "symfony/sendinblue-mailer",
            "version": "v6.2.0",
            "version_normalized": "6.2.0.0",
            "source": {
                "type": "git",
                "url": "https://github.com/symfony/sendinblue-mailer.git",
                "reference": "d2b1d67758c8c75c5f8cde51e6dc565de318a703"
            },
            "dist": {
                "type": "zip",
                "url": "https://api.github.com/repos/symfony/sendinblue-mailer/zipball/d2b1d67758c8c75c5f8cde51e6dc565de318a703",
                "reference": "d2b1d67758c8c75c5f8cde51e6dc565de318a703",
                "shasum": ""
            },
            "require": {
                "php": ">=8.1",
                "symfony/mailer": "^5.4|^6.0"
            },
            "conflict": {
                "symfony/mime": "<6.2"
            },
            "require-dev": {
                "symfony/http-client": "^5.4|^6.0"
            },
            "time": "2022-10-15T06:31:15+00:00",
            "type": "symfony-mailer-bridge",
            "installation-source": "dist",
            "autoload": {
                "psr-4": {
                    "Symfony\\Component\\Mailer\\Bridge\\Sendinblue\\": ""
                },
                "exclude-from-classmap": [
                    "/Tests/"
                ]
            },
            "notification-url": "https://packagist.org/downloads/",
            "license": [
                "MIT"
            ],
            "authors": [
                {
                    "name": "Fabien Potencier",
                    "email": "fabien@symfony.com"
                },
                {
                    "name": "Symfony Community",
                    "homepage": "https://symfony.com/contributors"
                }
            ],
            "description": "Symfony Sendinblue Mailer Bridge",
            "homepage": "https://symfony.com",
            "support": {
                "source": "https://github.com/symfony/sendinblue-mailer/tree/v6.2.0"
            },
            "funding": [
                {
                    "url": "https://symfony.com/sponsor",
                    "type": "custom"
                },
                {
                    "url": "https://github.com/fabpot",
                    "type": "github"
                },
                {
                    "url": "https://tidelift.com/funding/github/packagist/symfony/symfony",
                    "type": "tidelift"
                }
            ],
            "install-path": "../symfony/sendinblue-mailer"
        },
        {
            "name": "symfony/service-contracts",
            "version": "v3.2.0",
            "version_normalized": "3.2.0.0",
            "source": {
                "type": "git",
                "url": "https://github.com/symfony/service-contracts.git",
                "reference": "aac98028c69df04ee77eb69b96b86ee51fbf4b75"
            },
            "dist": {
                "type": "zip",
                "url": "https://api.github.com/repos/symfony/service-contracts/zipball/aac98028c69df04ee77eb69b96b86ee51fbf4b75",
                "reference": "aac98028c69df04ee77eb69b96b86ee51fbf4b75",
                "shasum": ""
            },
            "require": {
                "php": ">=8.1",
                "psr/container": "^2.0"
            },
            "conflict": {
                "ext-psr": "<1.1|>=2"
            },
            "suggest": {
                "symfony/service-implementation": ""
            },
            "time": "2022-11-25T10:21:52+00:00",
            "type": "library",
            "extra": {
                "branch-alias": {
                    "dev-main": "3.3-dev"
                },
                "thanks": {
                    "name": "symfony/contracts",
                    "url": "https://github.com/symfony/contracts"
                }
            },
            "installation-source": "dist",
            "autoload": {
                "psr-4": {
                    "Symfony\\Contracts\\Service\\": ""
                },
                "exclude-from-classmap": [
                    "/Test/"
                ]
            },
            "notification-url": "https://packagist.org/downloads/",
            "license": [
                "MIT"
            ],
            "authors": [
                {
                    "name": "Nicolas Grekas",
                    "email": "p@tchwork.com"
                },
                {
                    "name": "Symfony Community",
                    "homepage": "https://symfony.com/contributors"
                }
            ],
            "description": "Generic abstractions related to writing services",
            "homepage": "https://symfony.com",
            "keywords": [
                "abstractions",
                "contracts",
                "decoupling",
                "interfaces",
                "interoperability",
                "standards"
            ],
            "support": {
                "source": "https://github.com/symfony/service-contracts/tree/v3.2.0"
            },
            "funding": [
                {
                    "url": "https://symfony.com/sponsor",
                    "type": "custom"
                },
                {
                    "url": "https://github.com/fabpot",
                    "type": "github"
                },
                {
                    "url": "https://tidelift.com/funding/github/packagist/symfony/symfony",
                    "type": "tidelift"
                }
            ],
            "install-path": "../symfony/service-contracts"
        }
    ],
    "dev": true,
    "dev-package-names": []
}
